{"RuleTriggered": 33, "Violations": 33, "Details": {"algo-1": {"cpu": {"p25": 18.07125, "p50": 19.7775, "p75": 21.93375, "p95": 45.81574999999994, "upper": 27.7275, "lower": 12.277499999999998}, "gpu0": {"p25": 0.0, "p50": 0.0, "p75": 0.0, "p95": 58.0, "upper": 0.0, "lower": 0.0}, "gpu0_memory": {"p25": 0.0, "p50": 0.0, "p75": 0.0, "p95": 51.0, "upper": 0.0, "lower": 0.0}}, "last_timestamp": 1673021700000000}, "Datapoints": 4893, "RuleParameters": "cpu_threshold_p95:70\ngpu_threshold_p95:70\ngpu_memory_threshold_p95:70\npatience:1000\nwindow:500"}