{"RuleTriggered": 34, "Violations": 34, "Details": {"algo-1": {"cpu": {"p25": 17.836875, "p50": 19.645, "p75": 21.74125, "p95": 45.386125, "upper": 27.597812500000003, "lower": 11.980312499999997}, "gpu0": {"p25": 0.0, "p50": 0.0, "p75": 0.0, "p95": 52.0, "upper": 0.0, "lower": 0.0}, "gpu0_memory": {"p25": 0.0, "p50": 0.0, "p75": 0.0, "p95": 45.0, "upper": 0.0, "lower": 0.0}}, "last_timestamp": 1673305860000000}, "Datapoints": 4967, "RuleParameters": "cpu_threshold_p95:70\ngpu_threshold_p95:70\ngpu_memory_threshold_p95:70\npatience:1000\nwindow:500"}