{"RuleTriggered": 0, "Violations": 0, "Details": {"ratio": {"gpu_functions-dev:0": 50.945386352559666, "cpu_functions": 49.054613647440334}, "phase": {"Step:ModeKeys.TRAIN": 16.595701908425433, "others": 79.61120582898191, "Step:ModeKeys.EVAL": 3.7930922625926575}, "phase_time": {}, "CPU": {"aten::conv2d": 2.353473382765605, "aten::convolution": 2.336296769725082, "aten::_convolution": 2.322195462911518, "aten::cudnn_convolution": 2.302995254469218, "aten::to": 8.286449548184432, "aten::copy_": 8.472963578016818, "enumerate(DataLoader)#_SingleProcessDataLoaderIter.__next__": 73.92562600392733}, "CPU_total": {"aten::conv2d": 1179298, "aten::convolution": 1170691, "aten::_convolution": 1163625, "aten::cudnn_convolution": 1154004, "aten::to": 4152243, "aten::copy_": 4245703, "enumerate(DataLoader)#_SingleProcessDataLoaderIter.__next__": 37043267}, "GPU": {"aten::conv2d": 3.2165724763547074, "aten::convolution": 3.209837761349238, "aten::_convolution": 3.2036753146846952, "aten::cudnn_convolution": 3.196458588425627, "aten::to": 7.923567917200375, "aten::copy_": 8.112608506062195, "enumerate(DataLoader)#_SingleProcessDataLoaderIter.__next__": 71.13727943592316}, "GPU_total": {"aten::conv2d": 1674981, "aten::convolution": 1671474, "aten::_convolution": 1668265, "aten::cudnn_convolution": 1664507, "aten::to": 4126077, "aten::copy_": 4224517, "enumerate(DataLoader)#_SingleProcessDataLoaderIter.__next__": 37043652}, "general": {"DataLoaderIterInitialize": 0.0015080305008618275, "DataLoaderIter": 12.938804553241814, "Forward": 87.05968741625732}}, "Datapoints": 0, "RuleParameters": ""}