{"RuleTriggered": 0, "Violations": 0, "Details": {"ratio": {"gpu_functions-dev:0": 50.87443607457711, "cpu_functions": 49.12556392542289}, "phase": {"Step:ModeKeys.TRAIN": 13.030481269618004, "others": 83.17458742503322, "Step:ModeKeys.EVAL": 3.7949313053487774}, "phase_time": {}, "CPU": {"aten::to": 8.097459980458705, "aten::copy_": 8.271849179339247, "enumerate(DataLoader)#_SingleProcessDataLoaderIter.__next__": 83.63069084020204}, "CPU_total": {"aten::to": 4178576, "aten::copy_": 4268567, "enumerate(DataLoader)#_SingleProcessDataLoaderIter.__next__": 43156397}, "GPU": {"aten::conv2d": 2.8639768333783406, "aten::convolution": 2.850725398757166, "aten::_convolution": 2.8452622538134866, "aten::cudnn_convolution": 2.838987971904278, "aten::to": 7.136859050138679, "aten::copy_": 7.298522771793866, "enumerate(DataLoader)#_SingleProcessDataLoaderIter.__next__": 74.16566572021418}, "GPU_total": {"aten::conv2d": 1666546, "aten::convolution": 1658835, "aten::_convolution": 1655656, "aten::cudnn_convolution": 1652005, "aten::to": 4152933, "aten::copy_": 4247005, "enumerate(DataLoader)#_SingleProcessDataLoaderIter.__next__": 43156946}, "general": {"DataLoaderIterInitialize": 0.0016471747675814719, "DataLoaderIter": 17.529802930089645, "Forward": 82.46854989514277}}, "Datapoints": 0, "RuleParameters": ""}