{"RuleTriggered": 0, "Violations": 0, "Details": {"Network": {"algo-1": {"max": 66025626.07, "p99": 0, "p95": 0, "p50": 0, "min": 0}}, "GPU": {"algo-1": {"max": 70.0, "p99": 70.0, "p95": 52.0, "p50": 0, "min": 0}}, "CPU": {"algo-1": {"max": 100.0, "p99": 93.52, "p95": 45.39, "p50": 19.64, "min": 1.02}}, "CPU memory": {"algo-1": {"max": 10.85, "p99": 9.41, "p95": 8.45, "p50": 8.23, "min": 1.47}}, "GPU memory": {"algo-1": {"max": 60.0, "p99": 60.0, "p95": 45.0, "p50": 0, "min": 0}}, "I/O": {"algo-1": {"max": 59.14, "p99": 22.06, "p95": 13.24, "p50": 0, "min": 0}}}, "Datapoints": 4967, "RuleParameters": ""}