{"RuleTriggered": 0, "Violations": 0, "Details": {"Network": {"algo-1": {"max": 69108273.36, "p99": 0, "p95": 0, "p50": 0, "min": 0}}, "GPU": {"algo-1": {"max": 71.0, "p99": 70.0, "p95": 58.0, "p50": 0, "min": 0}}, "CPU": {"algo-1": {"max": 100.0, "p99": 92.65, "p95": 45.82, "p50": 19.78, "min": 1.25}}, "CPU memory": {"algo-1": {"max": 10.73, "p99": 9.37, "p95": 8.46, "p50": 8.24, "min": 1.44}}, "GPU memory": {"algo-1": {"max": 60.0, "p99": 60.0, "p95": 51.0, "p50": 0, "min": 0}}, "I/O": {"algo-1": {"max": 67.72, "p99": 23.39, "p95": 12.93, "p50": 0, "min": 0}}}, "Datapoints": 4893, "RuleParameters": ""}